Marca temporal,Dirección de correo electrónico,Name,Interests,Address
5:18 AM,kgonoude0@xing.com,Karoly Gonoude,Nanofabrication,1 Hintze Hill
3:53 AM,swohler1@goodreads.com,Sarine Wohler,Urban Studies,69274 Division Lane
8:15 AM,rlandre2@biblegateway.com,Rosalind Landre,Sanction II,021 Nova Pass
4:06 AM,bkimmitt3@kickstarter.com,Biddie Kimmitt,Financial Risk Management,8945 David Pass
12:16 PM,acandish4@examiner.com,Abby Candish,RHIA,6 Maple Parkway
6:39 AM,dbirks5@auda.org.au,Derwin Birks,OWA,6 Dixon Lane
10:14 AM,lcrat6@prlog.org,Lanae Crat,LynxOS,53174 Veith Lane
4:30 PM,mnicholson7@china.com.cn,Martica Nicholson,Kohana,676 Eastlawn Hill
5:40 PM,cfaich8@bigcartel.com,Carly Faich,Systems Design,96870 Tennessee Hill
4:29 AM,kgadie9@spotify.com,Kalle Gadie,Office Management,06534 Kinsman Crossing
